Shipment_ID,Mode,Origin,Destination,Distance,Delay_Status,Delay_Hours,Weather_Conditions,Traffic_Condition,Past_Performance
1,Sea,Punjab,Dehradun,1954,0,0,Clear,Moderate,Good
2,Train,Delhi,Bangalore,2708,0,0,Clear,Moderate,Poor
3,Truck,Agra,Punjab,2179,0,0,Clear,Low,Good
4,Sea,Delhi,Dehradun,2424,0,0,Rain,High,Good
5,Sea,Kashmir,Kerela,4727,0,0,Bad,High,Poor
6,Train,Chennai,Kerela,1277,1,10,Foggy,Moderate,Poor
7,Truck,Pune,Bangalore,1191,1,2,Bad,High,Poor
8,Truck,Punjab,Bangalore,2891,0,0,Clear,Moderate,Poor
9,Sea,Bangalore,Kerela,1849,0,0,Rain,Moderate,Good
10,Air,Pune,Dehradun,2775,1,10,Bad,Moderate,Poor
11,Sea,Kashmir,Delhi,881,1,0,Clear,High,Good
12,Sea,Agra,Gurugram,3148,0,0,Foggy,Moderate,Good
13,Sea,Bangalore,Pune,2205,0,0,Foggy,Moderate,Poor
14,Sea,Kerela,Punjab,3967,0,0,Foggy,Low,Good
15,Train,Gurugram,Agra,4642,1,8,Clear,Moderate,Poor
16,Truck,Bangalore,Punjab,2213,1,2,Rain,Moderate,Good
17,Train,Kashmir,Agra,4070,0,0,Bad,Low,Poor
18,Train,Dehradun,Dehradun,2091,0,0,Foggy,Low,Poor
19,Train,Gurugram,Agra,1167,1,7,Clear,High,Poor
20,Sea,Delhi,Bangalore,1677,1,5,Clear,Moderate,Poor
21,Air,Punjab,Gurugram,1111,1,2,Bad,High,Poor
22,Truck,Delhi,Gurugram,2374,1,5,Foggy,High,Poor
23,Air,Bangalore,Bangalore,4969,0,0,Clear,Low,Good
24,Train,Delhi,Chennai,1914,0,0,Bad,High,Good
25,Train,Kashmir,Dehradun,2526,0,0,Rain,Moderate,Good
26,Air,Kerela,Chennai,4502,0,0,Rain,Low,Poor
27,Air,Agra,Chennai,4974,0,0,Rain,Moderate,Good
28,Air,Punjab,Punjab,2651,1,12,Foggy,Moderate,Poor
29,Train,Delhi,Kerela,3757,0,0,Bad,Low,Good
30,Train,Delhi,Punjab,107,1,9,Bad,Moderate,Good
31,Truck,Bangalore,Kerela,2655,0,0,Clear,Low,Poor
32,Truck,Agra,Pune,575,1,8,Clear,Moderate,Good
33,Train,Pune,Agra,2311,0,0,Clear,Low,Good
34,Air,Delhi,Kerela,584,0,0,Bad,High,Good
35,Air,Kashmir,Bangalore,4754,0,0,Clear,Moderate,Poor
36,Truck,Dehradun,Punjab,2385,0,0,Bad,Low,Good
37,Train,Punjab,Dehradun,4663,1,1,Bad,Moderate,Poor
38,Truck,Delhi,Agra,3625,1,0,Rain,Moderate,Good
39,Truck,Kashmir,Pune,3439,0,0,Clear,Moderate,Good
40,Sea,Kashmir,Kerela,2922,0,0,Rain,Low,Good
41,Sea,Punjab,Pune,3024,0,0,Foggy,High,Good
42,Sea,Pune,Dehradun,358,0,0,Foggy,High,Poor
43,Air,Kashmir,Chennai,382,1,9,Foggy,High,Good
44,Train,Dehradun,Gurugram,1998,1,2,Bad,Low,Poor
45,Train,Kashmir,Dehradun,4235,0,0,Bad,High,Poor
46,Train,Kashmir,Kashmir,3076,1,4,Bad,Low,Good
47,Train,Kashmir,Dehradun,2367,0,0,Clear,Moderate,Good
48,Sea,Kerela,Pune,3300,1,6,Rain,Moderate,Poor
49,Air,Kerela,Bangalore,712,0,0,Bad,High,Poor
50,Air,Pune,Punjab,787,1,11,Rain,Low,Good
51,Sea,Delhi,Bangalore,3790,1,1,Rain,Moderate,Good
52,Air,Kashmir,Pune,712,0,0,Rain,Low,Good
53,Sea,Agra,Punjab,2407,1,7,Clear,Low,Good
54,Train,Delhi,Kashmir,3113,0,0,Clear,Moderate,Good
55,Sea,Pune,Gurugram,1881,0,0,Foggy,Low,Poor
56,Train,Chennai,Agra,2691,0,0,Foggy,Moderate,Good
57,Train,Delhi,Pune,2796,1,8,Rain,Moderate,Good
58,Truck,Delhi,Kerela,4058,1,9,Foggy,Moderate,Poor
59,Sea,Gurugram,Pune,674,1,6,Rain,Low,Good
60,Truck,Bangalore,Pune,2010,1,8,Clear,Moderate,Good
61,Sea,Gurugram,Punjab,3704,0,0,Clear,Low,Poor
62,Sea,Dehradun,Delhi,769,1,2,Clear,Moderate,Good
63,Truck,Kerela,Dehradun,4464,0,0,Bad,Moderate,Poor
64,Truck,Kerela,Delhi,1383,0,0,Rain,High,Good
65,Sea,Bangalore,Kashmir,1023,0,0,Clear,High,Good
66,Air,Punjab,Kerela,1225,1,2,Rain,High,Good
67,Train,Punjab,Gurugram,1629,1,10,Foggy,Low,Poor
68,Truck,Pune,Chennai,1694,0,0,Foggy,Low,Poor
69,Train,Bangalore,Kashmir,346,0,0,Clear,Moderate,Poor
70,Air,Delhi,Chennai,3811,1,4,Rain,Moderate,Poor
71,Air,Punjab,Chennai,1660,0,0,Clear,Moderate,Good
72,Air,Kashmir,Gurugram,2500,1,12,Foggy,Moderate,Poor
73,Truck,Agra,Bangalore,2343,1,6,Clear,Low,Poor
74,Air,Delhi,Delhi,3964,0,0,Rain,Moderate,Poor
75,Truck,Dehradun,Pune,2039,0,0,Foggy,Moderate,Good
76,Air,Kashmir,Agra,3169,1,1,Bad,High,Good
77,Train,Kashmir,Chennai,326,1,11,Foggy,Moderate,Poor
78,Train,Bangalore,Kerela,3647,0,0,Bad,Moderate,Poor
79,Sea,Pune,Kashmir,364,1,9,Clear,Moderate,Good
80,Train,Dehradun,Bangalore,1495,0,0,Clear,Low,Poor
81,Sea,Punjab,Chennai,3657,0,0,Rain,High,Poor
82,Train,Bangalore,Bangalore,745,1,10,Bad,Moderate,Poor
83,Truck,Punjab,Bangalore,3090,1,10,Clear,Moderate,Poor
84,Train,Bangalore,Chennai,1999,0,0,Bad,High,Good
85,Sea,Bangalore,Punjab,2604,1,2,Clear,Moderate,Good
86,Sea,Bangalore,Dehradun,2872,0,0,Foggy,Low,Good
87,Air,Pune,Kerela,1254,0,0,Clear,Moderate,Poor
88,Truck,Bangalore,Pune,687,0,0,Rain,Low,Poor
89,Train,Chennai,Pune,4671,1,10,Foggy,Low,Good
90,Air,Agra,Kerela,1921,0,0,Rain,Moderate,Good
91,Train,Punjab,Punjab,1085,0,0,Foggy,High,Good
92,Train,Delhi,Pune,4179,0,0,Bad,Low,Poor
93,Air,Gurugram,Bangalore,3448,1,11,Rain,High,Good
94,Air,Dehradun,Gurugram,3931,0,0,Clear,Moderate,Poor
95,Air,Kerela,Kashmir,1341,1,9,Bad,Low,Poor
96,Air,Pune,Delhi,289,0,0,Clear,Moderate,Good
97,Air,Delhi,Pune,1080,0,0,Foggy,High,Good
98,Train,Kashmir,Kerela,1798,0,0,Foggy,Moderate,Poor
99,Air,Chennai,Gurugram,1815,1,3,Clear,Moderate,Good
100,Truck,Kerela,Chennai,2693,1,6,Clear,Low,Good
101,Sea,Gurugram,Dehradun,4236,0,0,Bad,Moderate,Poor
102,Air,Delhi,Kerela,4533,0,0,Clear,Moderate,Poor
103,Air,Kerela,Bangalore,1198,0,0,Rain,Moderate,Poor
104,Train,Delhi,Dehradun,2426,0,0,Rain,Low,Poor
105,Air,Chennai,Kashmir,3347,0,0,Clear,High,Poor
106,Air,Gurugram,Kashmir,995,0,0,Rain,High,Good
107,Air,Kashmir,Punjab,1774,0,0,Clear,Moderate,Poor
108,Train,Bangalore,Agra,3009,0,0,Bad,Low,Poor
109,Air,Punjab,Punjab,1030,0,0,Rain,Moderate,Poor
110,Sea,Kashmir,Gurugram,4484,1,7,Rain,High,Good
111,Train,Bangalore,Dehradun,823,0,0,Clear,Low,Poor
112,Sea,Pune,Agra,3040,0,0,Rain,High,Poor
113,Train,Agra,Chennai,1189,1,12,Foggy,High,Poor
114,Air,Dehradun,Bangalore,4678,0,0,Bad,Low,Good
115,Sea,Dehradun,Dehradun,1035,0,0,Bad,Low,Poor
116,Train,Punjab,Punjab,2395,0,0,Rain,Moderate,Poor
117,Truck,Gurugram,Delhi,255,0,0,Rain,Moderate,Poor
118,Air,Chennai,Agra,1170,0,0,Foggy,High,Good
119,Train,Gurugram,Agra,2058,0,0,Foggy,Low,Good
120,Truck,Chennai,Bangalore,2601,1,4,Rain,Low,Good
121,Train,Gurugram,Pune,4319,0,0,Rain,Moderate,Good
122,Truck,Agra,Kashmir,3930,0,0,Foggy,High,Poor
123,Air,Pune,Kashmir,954,0,0,Clear,High,Poor
124,Sea,Pune,Delhi,739,0,0,Foggy,Moderate,Good
125,Truck,Bangalore,Gurugram,2338,0,0,Clear,Low,Good
126,Train,Kerela,Gurugram,1702,1,5,Bad,Moderate,Poor
127,Air,Pune,Chennai,541,0,0,Bad,Moderate,Poor
128,Truck,Pune,Dehradun,4728,0,0,Foggy,Moderate,Good
129,Train,Kashmir,Kerela,1436,0,0,Clear,Moderate,Good
130,Train,Kashmir,Pune,3800,0,0,Foggy,Low,Good
131,Train,Bangalore,Punjab,1048,1,9,Foggy,Moderate,Good
132,Truck,Kerela,Kerela,3473,0,0,Clear,Low,Poor
133,Truck,Punjab,Kerela,559,0,0,Foggy,Moderate,Good
134,Truck,Kashmir,Agra,4746,0,0,Bad,High,Good
135,Sea,Punjab,Delhi,492,1,11,Rain,Low,Poor
136,Truck,Delhi,Kashmir,4038,0,0,Rain,High,Poor
137,Truck,Kashmir,Chennai,1887,0,0,Foggy,Moderate,Poor
138,Truck,Agra,Gurugram,2357,1,12,Clear,Moderate,Poor
139,Sea,Kerela,Delhi,1238,1,2,Clear,Moderate,Poor
140,Truck,Bangalore,Agra,3908,0,0,Bad,Low,Good
141,Train,Delhi,Punjab,4841,0,0,Clear,High,Good
142,Truck,Kerela,Chennai,2554,0,0,Clear,Low,Good
143,Train,Agra,Agra,1566,0,0,Bad,Low,Poor
144,Train,Kerela,Kashmir,3774,0,0,Foggy,Moderate,Good
145,Train,Agra,Kashmir,1477,0,0,Rain,High,Poor
146,Sea,Agra,Kashmir,2697,0,0,Bad,Moderate,Good
147,Sea,Punjab,Delhi,241,0,0,Foggy,Low,Good
148,Sea,Gurugram,Delhi,2759,0,0,Bad,Moderate,Poor
149,Truck,Delhi,Gurugram,4696,1,3,Foggy,High,Poor
150,Train,Kerela,Gurugram,939,0,0,Bad,Moderate,Good
151,Sea,Chennai,Punjab,3718,0,0,Foggy,High,Good
152,Sea,Delhi,Chennai,4017,0,0,Bad,High,Good
153,Truck,Gurugram,Bangalore,695,1,5,Foggy,Moderate,Good
154,Sea,Delhi,Bangalore,2004,0,0,Bad,Low,Good
155,Truck,Pune,Agra,380,0,0,Rain,Moderate,Poor
156,Air,Chennai,Kashmir,523,0,0,Rain,Low,Poor
157,Sea,Gurugram,Chennai,4465,0,0,Clear,Low,Poor
158,Air,Punjab,Kerela,4349,0,0,Foggy,Moderate,Poor
159,Truck,Kerela,Delhi,1850,0,0,Bad,Low,Good
160,Train,Dehradun,Dehradun,4857,0,0,Foggy,Low,Good
161,Sea,Gurugram,Pune,2067,1,12,Rain,Moderate,Poor
162,Truck,Bangalore,Punjab,4188,0,0,Foggy,Moderate,Good
163,Train,Kerela,Kashmir,4278,0,0,Bad,Moderate,Poor
164,Train,Gurugram,Kashmir,3046,1,1,Foggy,Low,Good
165,Air,Pune,Kashmir,1549,0,0,Bad,High,Good
166,Truck,Dehradun,Delhi,2431,0,0,Rain,Low,Good
167,Train,Pune,Delhi,2320,0,0,Rain,High,Poor
168,Sea,Dehradun,Pune,3889,0,0,Rain,Moderate,Poor
169,Sea,Bangalore,Kerela,2910,1,3,Clear,High,Poor
170,Air,Kerela,Chennai,4828,1,5,Rain,Moderate,Poor
171,Train,Punjab,Kashmir,1631,0,0,Foggy,Moderate,Good
172,Truck,Pune,Bangalore,4982,0,0,Clear,High,Good
173,Sea,Pune,Gurugram,3090,1,3,Rain,Moderate,Good
174,Train,Agra,Bangalore,4593,1,8,Foggy,High,Good
175,Train,Dehradun,Agra,1243,1,6,Foggy,Moderate,Poor
176,Air,Kashmir,Bangalore,1033,0,0,Foggy,Low,Good
177,Sea,Kerela,Agra,1560,0,0,Bad,Low,Good
178,Sea,Dehradun,Dehradun,2823,1,5,Clear,Moderate,Good
179,Truck,Agra,Gurugram,2612,0,0,Foggy,Moderate,Poor
180,Sea,Delhi,Bangalore,385,0,0,Bad,High,Poor
181,Truck,Dehradun,Dehradun,364,0,0,Rain,Low,Poor
182,Sea,Punjab,Punjab,2467,0,0,Foggy,High,Good
183,Air,Kerela,Chennai,3547,0,0,Bad,Moderate,Poor
184,Sea,Agra,Dehradun,1862,0,0,Foggy,Moderate,Good
185,Truck,Delhi,Chennai,3148,1,1,Clear,High,Good
186,Truck,Chennai,Bangalore,2481,0,0,Clear,Moderate,Good
187,Air,Agra,Kerela,2369,1,4,Rain,Low,Poor
188,Sea,Chennai,Dehradun,140,0,0,Foggy,High,Poor
189,Sea,Kerela,Gurugram,167,0,0,Bad,Low,Good
190,Air,Pune,Bangalore,1087,1,10,Rain,Low,Good
191,Sea,Agra,Kashmir,4108,0,0,Foggy,Low,Poor
192,Sea,Bangalore,Delhi,3298,0,0,Rain,High,Poor
193,Truck,Chennai,Dehradun,4890,0,0,Bad,Moderate,Poor
194,Sea,Punjab,Gurugram,2624,0,0,Rain,Low,Good
195,Sea,Bangalore,Punjab,1185,1,12,Rain,Low,Good
196,Air,Gurugram,Kashmir,2579,1,11,Rain,Low,Good
197,Air,Gurugram,Punjab,1793,0,0,Foggy,Moderate,Poor
198,Train,Delhi,Bangalore,2415,0,0,Bad,Moderate,Poor
199,Truck,Pune,Delhi,878,0,0,Clear,High,Poor
200,Sea,Kerela,Dehradun,4689,1,8,Foggy,Moderate,Good
201,Sea,Agra,Dehradun,1685,0,0,Clear,High,Good
202,Train,Kashmir,Kerela,1592,0,0,Clear,High,Poor
203,Sea,Punjab,Kerela,760,0,0,Foggy,High,Good
204,Truck,Chennai,Bangalore,1448,0,0,Foggy,High,Poor
205,Train,Kerela,Bangalore,1399,0,0,Bad,High,Good
206,Truck,Bangalore,Delhi,4040,1,2,Bad,Low,Poor
207,Train,Gurugram,Kerela,2086,0,0,Rain,Moderate,Good
208,Train,Punjab,Gurugram,2144,0,0,Clear,Low,Good
209,Air,Kashmir,Gurugram,3616,1,12,Bad,High,Poor
210,Truck,Agra,Delhi,1158,1,2,Rain,Moderate,Poor
211,Sea,Delhi,Gurugram,1076,0,0,Bad,Low,Poor
212,Sea,Kashmir,Agra,4677,0,0,Foggy,Low,Poor
213,Truck,Punjab,Chennai,827,0,0,Bad,High,Poor
214,Sea,Kashmir,Delhi,2627,0,0,Clear,Low,Good
215,Sea,Punjab,Delhi,3236,0,0,Bad,Low,Poor
216,Truck,Punjab,Pune,442,0,0,Clear,Low,Poor
217,Train,Dehradun,Kashmir,1547,0,0,Foggy,Low,Poor
218,Truck,Chennai,Kashmir,2479,1,11,Clear,Low,Good
219,Train,Gurugram,Agra,3759,0,0,Bad,High,Poor
220,Sea,Dehradun,Kerela,626,0,0,Rain,High,Poor
221,Sea,Agra,Bangalore,1996,0,0,Foggy,Low,Poor
222,Sea,Dehradun,Bangalore,4854,1,4,Bad,High,Good
223,Air,Pune,Punjab,2173,1,10,Foggy,High,Good
224,Train,Pune,Agra,505,1,7,Foggy,Moderate,Poor
225,Air,Gurugram,Delhi,1673,1,0,Bad,Low,Good
226,Air,Kashmir,Agra,4700,1,10,Bad,High,Poor
227,Truck,Chennai,Agra,3840,0,0,Rain,High,Good
228,Air,Gurugram,Agra,4374,0,0,Foggy,Low,Poor
229,Truck,Punjab,Kashmir,4327,0,0,Foggy,Moderate,Good
230,Truck,Bangalore,Agra,1946,1,6,Bad,Low,Poor
231,Air,Chennai,Chennai,1578,1,9,Clear,Moderate,Poor
232,Train,Chennai,Bangalore,2495,0,0,Bad,Low,Good
233,Train,Punjab,Punjab,871,0,0,Foggy,Low,Poor
234,Train,Punjab,Chennai,678,0,0,Bad,Low,Poor
235,Train,Delhi,Punjab,3001,1,0,Rain,Low,Poor
236,Train,Gurugram,Pune,293,0,0,Clear,Moderate,Poor
237,Air,Punjab,Punjab,2107,0,0,Bad,Moderate,Good
238,Air,Pune,Bangalore,1285,0,0,Rain,High,Poor
239,Sea,Agra,Bangalore,2494,0,0,Foggy,Low,Good
240,Train,Bangalore,Agra,3098,1,4,Bad,Moderate,Good
241,Air,Gurugram,Dehradun,1892,0,0,Foggy,Moderate,Good
242,Sea,Kerela,Pune,1210,1,6,Rain,Moderate,Good
243,Train,Pune,Delhi,4105,0,0,Foggy,Low,Poor
244,Truck,Kashmir,Gurugram,2361,0,0,Rain,High,Poor
245,Sea,Punjab,Punjab,3836,0,0,Rain,Moderate,Good
246,Air,Kerela,Dehradun,3893,1,3,Rain,Low,Poor
247,Truck,Punjab,Agra,2036,0,0,Bad,Moderate,Good
248,Truck,Chennai,Kashmir,4975,0,0,Foggy,Moderate,Poor
249,Truck,Pune,Delhi,4457,0,0,Foggy,High,Poor
250,Sea,Chennai,Kerela,829,1,10,Clear,Moderate,Poor
251,Air,Delhi,Dehradun,4478,0,0,Clear,Moderate,Good
252,Truck,Chennai,Kashmir,3551,1,1,Clear,Low,Good
253,Train,Delhi,Pune,4557,0,0,Clear,Low,Poor
254,Truck,Delhi,Agra,4636,0,0,Foggy,High,Good
255,Truck,Kerela,Delhi,2240,0,0,Rain,Low,Good
256,Sea,Punjab,Delhi,1744,0,0,Rain,Low,Poor
257,Sea,Kashmir,Delhi,2900,0,0,Bad,High,Good
258,Air,Chennai,Pune,241,0,0,Rain,Moderate,Poor
259,Train,Pune,Punjab,1555,0,0,Foggy,High,Poor
260,Sea,Delhi,Kerela,4896,1,10,Foggy,Low,Poor
261,Truck,Punjab,Pune,2196,0,0,Foggy,High,Good
262,Air,Bangalore,Gurugram,1425,1,5,Bad,Moderate,Poor
263,Truck,Gurugram,Kerela,1313,0,0,Clear,High,Poor
264,Truck,Kerela,Bangalore,1259,0,0,Rain,Low,Good
265,Sea,Kashmir,Agra,4750,0,0,Foggy,Low,Good
266,Air,Dehradun,Pune,4599,0,0,Foggy,High,Good
267,Train,Kerela,Kashmir,4797,0,0,Clear,Moderate,Good
268,Train,Bangalore,Kerela,440,0,0,Foggy,High,Poor
269,Sea,Gurugram,Gurugram,3928,0,0,Rain,Moderate,Good
270,Sea,Bangalore,Bangalore,2068,0,0,Bad,Moderate,Good
271,Air,Chennai,Punjab,803,1,8,Foggy,High,Good
272,Train,Delhi,Kashmir,4513,1,12,Rain,Moderate,Good
273,Train,Kashmir,Kerela,2529,0,0,Foggy,Low,Poor
274,Train,Agra,Agra,1900,0,0,Clear,High,Good
275,Truck,Delhi,Kashmir,4748,0,0,Foggy,Moderate,Poor
276,Train,Agra,Bangalore,955,0,0,Foggy,Low,Good
277,Truck,Gurugram,Kashmir,1912,0,0,Bad,High,Poor
278,Air,Punjab,Chennai,2966,0,0,Clear,Low,Poor
279,Truck,Dehradun,Dehradun,3742,0,0,Clear,Low,Good
280,Air,Pune,Punjab,282,0,0,Bad,Low,Poor
281,Train,Delhi,Bangalore,3212,0,0,Foggy,Moderate,Good
282,Train,Kashmir,Kashmir,4592,1,9,Rain,High,Poor
283,Air,Bangalore,Dehradun,1617,1,4,Clear,High,Poor
284,Sea,Kashmir,Dehradun,1456,0,0,Clear,Moderate,Poor
285,Air,Gurugram,Kashmir,2274,1,12,Foggy,High,Good
286,Sea,Agra,Agra,3729,1,5,Foggy,Low,Poor
287,Truck,Bangalore,Chennai,3728,0,0,Clear,High,Good
288,Truck,Pune,Pune,4196,0,0,Foggy,Moderate,Poor
289,Truck,Pune,Chennai,3339,0,0,Rain,Low,Poor
290,Train,Delhi,Kashmir,3791,1,10,Clear,Moderate,Poor
291,Truck,Gurugram,Punjab,118,1,10,Rain,Low,Poor
292,Sea,Punjab,Pune,3503,0,0,Rain,Low,Poor
293,Truck,Gurugram,Bangalore,4779,0,0,Foggy,High,Poor
294,Air,Agra,Chennai,4651,0,0,Rain,Low,Good
295,Air,Kashmir,Kashmir,3104,0,0,Foggy,Moderate,Good
296,Train,Pune,Chennai,1232,0,0,Bad,High,Good
297,Air,Kashmir,Pune,3439,1,11,Foggy,Moderate,Poor
298,Sea,Kashmir,Gurugram,3411,0,0,Rain,Low,Good
299,Truck,Kashmir,Kerela,3472,1,8,Bad,Moderate,Poor
300,Train,Pune,Chennai,1087,1,11,Foggy,Moderate,Good
301,Truck,Kerela,Bangalore,3421,1,9,Rain,Low,Good
302,Truck,Chennai,Bangalore,4715,0,0,Clear,High,Poor
303,Sea,Agra,Delhi,273,0,0,Clear,Moderate,Poor
304,Air,Kerela,Chennai,3841,0,0,Foggy,Low,Good
305,Air,Agra,Kerela,3152,0,0,Foggy,High,Good
306,Truck,Bangalore,Agra,826,0,0,Clear,High,Good
307,Train,Gurugram,Dehradun,3860,0,0,Rain,High,Good
308,Air,Gurugram,Kerela,1975,0,0,Rain,Moderate,Poor
309,Train,Dehradun,Dehradun,4133,0,0,Rain,Moderate,Good
310,Air,Gurugram,Dehradun,1089,0,0,Foggy,Moderate,Poor
311,Train,Pune,Gurugram,3844,0,0,Bad,High,Poor
312,Sea,Punjab,Delhi,2786,1,11,Bad,Moderate,Good
313,Train,Delhi,Kerela,519,1,3,Bad,Low,Poor
314,Sea,Dehradun,Kerela,693,0,0,Bad,Moderate,Good
315,Sea,Delhi,Gurugram,1874,0,0,Bad,Moderate,Poor
316,Train,Agra,Chennai,2559,0,0,Foggy,High,Poor
317,Sea,Delhi,Chennai,1035,0,0,Foggy,Moderate,Good
318,Truck,Delhi,Chennai,3908,0,0,Bad,Low,Poor
319,Sea,Dehradun,Punjab,431,1,1,Foggy,High,Poor
320,Air,Bangalore,Dehradun,3549,0,0,Foggy,Low,Good
321,Train,Kashmir,Punjab,2802,0,0,Bad,High,Poor
322,Truck,Gurugram,Delhi,4106,0,0,Rain,High,Poor
323,Train,Gurugram,Gurugram,3968,0,0,Foggy,Moderate,Good
324,Air,Pune,Kerela,4300,0,0,Rain,Low,Good
325,Air,Dehradun,Dehradun,301,0,0,Foggy,High,Poor
326,Air,Pune,Punjab,2597,0,0,Foggy,Moderate,Poor
327,Sea,Punjab,Punjab,1942,0,0,Bad,High,Poor
328,Sea,Punjab,Kashmir,1966,0,0,Foggy,High,Good
329,Train,Pune,Punjab,2096,0,0,Clear,High,Poor
330,Train,Dehradun,Agra,1009,0,0,Clear,High,Poor
331,Truck,Pune,Kerela,4405,1,1,Bad,High,Poor
332,Truck,Gurugram,Agra,4758,0,0,Rain,High,Poor
333,Train,Kerela,Kerela,3289,0,0,Rain,Moderate,Poor
334,Sea,Chennai,Gurugram,870,0,0,Rain,High,Poor
335,Air,Delhi,Kerela,3255,0,0,Clear,Low,Good
336,Train,Chennai,Agra,2601,0,0,Rain,Moderate,Good
337,Truck,Dehradun,Kerela,2814,0,0,Rain,Low,Poor
338,Sea,Chennai,Gurugram,4824,1,5,Bad,High,Poor
339,Train,Punjab,Gurugram,3685,0,0,Rain,Low,Good
340,Train,Agra,Delhi,1728,0,0,Clear,High,Good
341,Sea,Delhi,Kerela,486,0,0,Clear,High,Good
342,Train,Kashmir,Kashmir,3521,1,5,Clear,Moderate,Poor
343,Sea,Dehradun,Chennai,4108,0,0,Bad,Moderate,Poor
344,Air,Delhi,Bangalore,4193,0,0,Bad,High,Poor
345,Sea,Chennai,Gurugram,4463,0,0,Foggy,Moderate,Poor
346,Sea,Punjab,Pune,2566,0,0,Rain,Low,Good
347,Sea,Bangalore,Chennai,2382,0,0,Bad,Moderate,Good
348,Train,Kerela,Dehradun,1956,0,0,Clear,Moderate,Good
349,Train,Kashmir,Kerela,2098,0,0,Clear,Low,Good
350,Sea,Kerela,Agra,1336,0,0,Bad,Moderate,Poor
351,Train,Delhi,Bangalore,4769,0,0,Bad,High,Poor
352,Truck,Punjab,Pune,4244,0,0,Bad,Low,Good
353,Truck,Punjab,Chennai,1250,1,2,Foggy,High,Good
354,Train,Chennai,Kerela,4418,0,0,Clear,Low,Good
355,Train,Gurugram,Delhi,1531,0,0,Foggy,High,Good
356,Sea,Chennai,Dehradun,1919,0,0,Foggy,High,Good
357,Air,Gurugram,Bangalore,2424,0,0,Rain,Moderate,Poor
358,Train,Gurugram,Kashmir,1230,1,4,Clear,High,Poor
359,Truck,Kashmir,Delhi,2758,0,0,Clear,Moderate,Good
360,Sea,Chennai,Pune,3600,0,0,Bad,Low,Good
361,Train,Bangalore,Bangalore,474,0,0,Bad,High,Good
362,Truck,Pune,Delhi,2220,0,0,Rain,High,Poor
363,Truck,Pune,Dehradun,4120,0,0,Foggy,Low,Poor
364,Air,Chennai,Kashmir,2121,0,0,Bad,Low,Poor
365,Sea,Chennai,Delhi,3805,0,0,Bad,High,Good
366,Sea,Kerela,Punjab,3359,1,0,Clear,Low,Poor
367,Air,Kashmir,Kashmir,3535,0,0,Clear,Moderate,Good
368,Air,Chennai,Pune,1989,1,6,Bad,Low,Poor
369,Sea,Kerela,Dehradun,1923,1,12,Clear,Low,Poor
370,Sea,Gurugram,Kerela,1574,1,6,Rain,High,Poor
371,Train,Punjab,Agra,2342,0,0,Bad,Moderate,Good
372,Train,Punjab,Agra,3343,0,0,Clear,Low,Good
373,Air,Gurugram,Agra,3234,1,8,Rain,Moderate,Poor
374,Train,Dehradun,Bangalore,2170,0,0,Clear,Moderate,Good
375,Truck,Kerela,Pune,459,0,0,Clear,Moderate,Good
376,Train,Kerela,Dehradun,2141,1,1,Clear,High,Good
377,Train,Gurugram,Kashmir,1241,1,4,Bad,Low,Good
378,Truck,Bangalore,Bangalore,1735,0,0,Foggy,High,Good
379,Air,Agra,Pune,4100,0,0,Clear,Low,Good
380,Truck,Delhi,Kerela,2043,0,0,Rain,Low,Good
381,Train,Gurugram,Punjab,4874,1,6,Bad,High,Poor
382,Air,Chennai,Dehradun,3461,1,7,Bad,Moderate,Good
383,Train,Chennai,Agra,3080,0,0,Rain,Moderate,Good
384,Truck,Kashmir,Delhi,106,0,0,Clear,Low,Poor
385,Truck,Gurugram,Dehradun,3367,1,0,Foggy,High,Poor
386,Train,Kashmir,Gurugram,1691,0,0,Clear,Moderate,Poor
387,Sea,Gurugram,Pune,3364,0,0,Rain,Moderate,Poor
388,Sea,Kerela,Chennai,2706,1,0,Bad,Low,Good
389,Truck,Delhi,Kerela,3319,0,0,Foggy,Low,Poor
390,Truck,Kerela,Punjab,3373,0,0,Bad,High,Poor
391,Sea,Agra,Kerela,1013,0,0,Rain,Low,Good
392,Sea,Punjab,Dehradun,2111,0,0,Clear,Moderate,Good
393,Train,Pune,Chennai,1542,1,7,Foggy,Moderate,Good
394,Train,Gurugram,Gurugram,3154,0,0,Bad,Moderate,Poor
395,Sea,Agra,Kashmir,3646,1,10,Bad,Moderate,Good
396,Train,Punjab,Delhi,4321,0,0,Bad,High,Poor
397,Train,Dehradun,Chennai,3028,0,0,Clear,High,Good
398,Air,Delhi,Pune,1929,0,0,Foggy,Low,Good
399,Train,Kashmir,Agra,675,0,0,Clear,Low,Poor
400,Truck,Kashmir,Gurugram,1029,0,0,Clear,Low,Good
401,Train,Kerela,Delhi,3859,0,0,Clear,High,Good
402,Train,Chennai,Punjab,3799,0,0,Rain,Moderate,Good
403,Sea,Punjab,Agra,1563,0,0,Rain,Low,Good
404,Truck,Dehradun,Dehradun,3375,1,1,Rain,Moderate,Good
405,Train,Agra,Chennai,1154,0,0,Foggy,Low,Poor
406,Train,Delhi,Delhi,2000,1,4,Clear,Low,Poor
407,Air,Punjab,Bangalore,1557,0,0,Clear,Low,Good
408,Train,Dehradun,Kashmir,1499,0,0,Rain,Low,Poor
409,Train,Pune,Kashmir,3515,0,0,Clear,Low,Poor
410,Air,Gurugram,Gurugram,542,0,0,Clear,Moderate,Poor
411,Sea,Kashmir,Punjab,3750,0,0,Bad,Low,Good
412,Train,Agra,Gurugram,4752,1,0,Clear,Moderate,Good
413,Air,Kashmir,Bangalore,1278,1,3,Bad,High,Good
414,Truck,Agra,Pune,4558,0,0,Clear,Low,Poor
415,Sea,Kerela,Punjab,1357,0,0,Foggy,Moderate,Poor
416,Truck,Chennai,Kerela,3734,1,10,Rain,High,Good
417,Truck,Agra,Pune,1941,0,0,Bad,High,Good
418,Air,Kashmir,Punjab,2409,1,5,Rain,High,Poor
419,Train,Kerela,Punjab,1010,1,7,Bad,Moderate,Poor
420,Air,Agra,Bangalore,4440,1,10,Bad,Low,Good
421,Air,Pune,Dehradun,4737,0,0,Bad,Low,Poor
422,Air,Chennai,Bangalore,4109,0,0,Foggy,Moderate,Poor
423,Air,Agra,Punjab,2269,0,0,Clear,Low,Poor
424,Sea,Kerela,Delhi,2272,0,0,Bad,Moderate,Poor
425,Train,Punjab,Pune,223,1,3,Foggy,Low,Poor
426,Truck,Bangalore,Bangalore,3258,0,0,Bad,High,Poor
427,Truck,Dehradun,Dehradun,885,0,0,Clear,Low,Poor
428,Train,Bangalore,Chennai,2516,1,9,Bad,Moderate,Good
429,Truck,Bangalore,Gurugram,896,1,4,Foggy,Moderate,Good
430,Train,Delhi,Punjab,4272,1,0,Clear,High,Poor
431,Truck,Pune,Kerela,4254,1,0,Foggy,Moderate,Poor
432,Air,Punjab,Chennai,2036,0,0,Clear,Low,Poor
433,Truck,Gurugram,Kashmir,2256,0,0,Clear,Low,Good
434,Train,Agra,Agra,3907,1,3,Rain,High,Good
435,Train,Dehradun,Dehradun,1401,0,0,Rain,Moderate,Poor
436,Train,Chennai,Kerela,4263,0,0,Rain,High,Good
437,Train,Punjab,Agra,3240,0,0,Clear,Low,Poor
438,Train,Kashmir,Dehradun,3336,0,0,Bad,High,Poor
439,Sea,Gurugram,Delhi,2452,1,0,Foggy,Moderate,Poor
440,Sea,Delhi,Gurugram,2032,0,0,Foggy,High,Poor
441,Truck,Delhi,Chennai,2821,0,0,Foggy,Moderate,Poor
442,Train,Punjab,Pune,464,0,0,Rain,Moderate,Poor
443,Truck,Kerela,Dehradun,2490,0,0,Clear,Low,Poor
444,Train,Bangalore,Pune,1046,0,0,Rain,Low,Good
445,Train,Kashmir,Gurugram,1477,0,0,Bad,Low,Poor
446,Sea,Delhi,Punjab,1539,1,11,Clear,Moderate,Good
447,Sea,Dehradun,Kashmir,3280,0,0,Foggy,High,Poor
448,Air,Delhi,Chennai,4957,0,0,Rain,Moderate,Poor
449,Sea,Chennai,Gurugram,440,0,0,Rain,Low,Good
450,Air,Agra,Gurugram,3089,0,0,Bad,Low,Good
451,Air,Delhi,Delhi,482,0,0,Bad,High,Poor
452,Air,Chennai,Agra,1656,1,3,Rain,Low,Good
453,Air,Punjab,Kashmir,399,0,0,Bad,Low,Poor
454,Air,Punjab,Chennai,238,1,5,Foggy,Low,Poor
455,Truck,Gurugram,Punjab,458,0,0,Bad,High,Good
456,Sea,Delhi,Punjab,1622,0,0,Bad,Moderate,Good
457,Air,Dehradun,Bangalore,3556,0,0,Rain,Low,Good
458,Train,Delhi,Gurugram,1727,1,12,Rain,High,Good
459,Sea,Dehradun,Dehradun,1403,0,0,Clear,Low,Poor
460,Sea,Pune,Delhi,1234,0,0,Clear,High,Good
461,Air,Gurugram,Kashmir,2286,0,0,Rain,Low,Good
462,Truck,Pune,Punjab,3270,0,0,Bad,High,Good
463,Air,Delhi,Chennai,3935,0,0,Bad,Low,Good
464,Truck,Gurugram,Bangalore,2251,0,0,Clear,Moderate,Good
465,Train,Pune,Chennai,1337,0,0,Clear,Low,Poor
466,Sea,Bangalore,Delhi,3835,0,0,Clear,High,Poor
467,Train,Delhi,Dehradun,2934,0,0,Foggy,Low,Good
468,Truck,Pune,Bangalore,4360,1,12,Foggy,Moderate,Good
469,Truck,Bangalore,Bangalore,1098,1,5,Clear,Low,Poor
470,Train,Bangalore,Agra,2667,1,10,Bad,High,Good
471,Truck,Punjab,Kashmir,1407,0,0,Clear,High,Poor
472,Train,Delhi,Bangalore,756,0,0,Foggy,Moderate,Poor
473,Sea,Bangalore,Agra,2760,0,0,Bad,High,Good
474,Train,Punjab,Agra,2311,0,0,Foggy,Low,Poor
475,Sea,Pune,Delhi,2009,0,0,Bad,Low,Good
476,Train,Chennai,Pune,3830,0,0,Foggy,Low,Good
477,Truck,Delhi,Chennai,2146,0,0,Bad,High,Poor
478,Train,Gurugram,Dehradun,3262,0,0,Bad,Low,Poor
479,Truck,Dehradun,Kerela,1240,1,6,Bad,Low,Good
480,Train,Dehradun,Chennai,366,0,0,Bad,Low,Poor
481,Train,Pune,Bangalore,1945,0,0,Rain,Moderate,Good
482,Air,Kerela,Dehradun,1808,0,0,Foggy,High,Poor
483,Truck,Kerela,Punjab,3730,0,0,Foggy,High,Poor
484,Air,Pune,Pune,3311,0,0,Rain,High,Good
485,Truck,Bangalore,Punjab,2393,1,7,Bad,Moderate,Good
486,Air,Delhi,Punjab,3832,1,2,Bad,High,Good
487,Sea,Dehradun,Kashmir,3929,0,0,Foggy,Moderate,Poor
488,Train,Dehradun,Chennai,1610,1,2,Rain,Moderate,Good
489,Truck,Bangalore,Kerela,575,1,11,Bad,High,Good
490,Truck,Dehradun,Delhi,1076,1,6,Bad,Low,Poor
491,Train,Gurugram,Kerela,1307,1,10,Bad,Low,Poor
492,Truck,Delhi,Punjab,2060,0,0,Clear,High,Good
493,Truck,Agra,Bangalore,657,0,0,Rain,High,Good
494,Air,Dehradun,Pune,982,0,0,Bad,Moderate,Good
495,Truck,Pune,Gurugram,2294,0,0,Clear,High,Good
496,Sea,Gurugram,Kerela,4861,1,5,Rain,Moderate,Poor
497,Sea,Dehradun,Punjab,2767,0,0,Bad,High,Poor
498,Train,Gurugram,Pune,4777,1,10,Foggy,Low,Good
499,Truck,Punjab,Dehradun,4890,1,2,Clear,Low,Good
500,Train,Agra,Chennai,1710,1,5,Clear,High,Good
501,Sea,Kashmir,Agra,3588,1,3,Bad,Moderate,Poor
502,Truck,Pune,Kashmir,2554,0,0,Bad,Low,Good
503,Truck,Pune,Pune,4594,0,0,Clear,Moderate,Good
504,Train,Delhi,Bangalore,2046,0,0,Foggy,High,Poor
505,Sea,Gurugram,Bangalore,4910,0,0,Foggy,High,Poor
506,Truck,Bangalore,Pune,4899,0,0,Rain,Low,Good
507,Train,Pune,Bangalore,2908,0,0,Bad,High,Good
508,Sea,Gurugram,Chennai,3925,1,7,Foggy,Low,Poor
509,Train,Gurugram,Bangalore,3636,0,0,Rain,Moderate,Good
510,Air,Chennai,Kerela,3902,0,0,Foggy,Low,Good
511,Truck,Chennai,Agra,4277,0,0,Bad,Low,Poor
512,Air,Kashmir,Bangalore,4799,0,0,Rain,Moderate,Poor
513,Sea,Punjab,Agra,2070,0,0,Rain,Low,Poor
514,Air,Kashmir,Punjab,3922,1,6,Rain,Low,Good
515,Air,Dehradun,Delhi,2919,0,0,Foggy,High,Poor
516,Sea,Bangalore,Chennai,1002,1,6,Bad,Moderate,Poor
517,Train,Dehradun,Delhi,464,0,0,Rain,Low,Good
518,Air,Kerela,Punjab,4358,1,3,Clear,Moderate,Good
519,Train,Dehradun,Chennai,3219,0,0,Bad,Moderate,Poor
520,Air,Delhi,Pune,2658,0,0,Clear,Low,Poor
521,Train,Dehradun,Pune,1963,0,0,Clear,High,Good
522,Sea,Kashmir,Agra,215,1,5,Rain,Moderate,Good
523,Air,Pune,Punjab,2484,0,0,Rain,Low,Poor
524,Sea,Pune,Agra,4035,0,0,Foggy,Moderate,Poor
525,Air,Chennai,Kashmir,2590,1,2,Foggy,High,Good
526,Sea,Bangalore,Bangalore,1042,1,4,Foggy,High,Poor
527,Sea,Bangalore,Gurugram,1824,0,0,Bad,High,Good
528,Air,Delhi,Kashmir,2434,1,4,Foggy,Low,Poor
529,Air,Kashmir,Bangalore,2867,0,0,Clear,Low,Good
530,Air,Chennai,Chennai,1237,0,0,Foggy,High,Good
531,Truck,Kerela,Agra,2627,0,0,Rain,Low,Poor
532,Train,Bangalore,Chennai,4217,1,8,Foggy,High,Poor
533,Truck,Pune,Chennai,3520,1,12,Bad,Low,Good
534,Truck,Dehradun,Bangalore,4878,0,0,Bad,High,Poor
535,Sea,Dehradun,Punjab,4006,0,0,Clear,Moderate,Poor
536,Air,Chennai,Bangalore,3737,0,0,Bad,High,Poor
537,Train,Kashmir,Dehradun,3053,1,3,Foggy,High,Good
538,Sea,Kashmir,Pune,2467,1,5,Rain,Low,Poor
539,Truck,Punjab,Pune,4321,0,0,Bad,Low,Poor
540,Air,Agra,Kashmir,376,1,10,Clear,Low,Good
541,Sea,Bangalore,Pune,2099,1,0,Foggy,Low,Poor
542,Air,Kashmir,Bangalore,1327,0,0,Clear,Low,Poor
543,Sea,Pune,Kerela,3852,0,0,Bad,Low,Good
544,Air,Chennai,Agra,3835,0,0,Bad,Moderate,Good
545,Truck,Kerela,Bangalore,795,0,0,Clear,High,Poor
546,Train,Punjab,Bangalore,1409,0,0,Foggy,High,Poor
547,Truck,Gurugram,Gurugram,4252,0,0,Bad,High,Good
548,Train,Delhi,Agra,3334,1,6,Rain,Moderate,Good
549,Air,Kerela,Dehradun,4214,0,0,Bad,High,Poor
550,Sea,Gurugram,Pune,2411,0,0,Foggy,Moderate,Poor
551,Truck,Dehradun,Agra,2941,0,0,Bad,Moderate,Poor
552,Train,Delhi,Pune,4308,0,0,Clear,Moderate,Good
553,Truck,Bangalore,Kashmir,3659,0,0,Bad,High,Poor
554,Train,Pune,Agra,3498,0,0,Bad,Moderate,Good
555,Truck,Delhi,Pune,641,0,0,Foggy,High,Good
556,Train,Agra,Dehradun,2794,0,0,Clear,High,Good
557,Train,Gurugram,Delhi,4774,0,0,Foggy,Low,Poor
558,Air,Bangalore,Chennai,1188,0,0,Bad,Low,Poor
559,Train,Agra,Chennai,3463,1,2,Rain,Moderate,Poor
560,Air,Dehradun,Dehradun,124,0,0,Bad,Moderate,Good
561,Train,Agra,Gurugram,1672,0,0,Foggy,High,Poor
562,Sea,Punjab,Delhi,3058,1,2,Rain,Moderate,Good
563,Sea,Punjab,Kashmir,4336,0,0,Foggy,Moderate,Good
564,Sea,Chennai,Dehradun,1867,0,0,Foggy,High,Good
565,Train,Kerela,Chennai,4843,1,2,Clear,Moderate,Good
566,Air,Kerela,Chennai,2335,0,0,Rain,Moderate,Good
567,Air,Bangalore,Chennai,300,0,0,Bad,High,Good
568,Train,Dehradun,Punjab,3298,1,12,Foggy,High,Poor
569,Sea,Kashmir,Dehradun,356,1,7,Bad,Low,Good
570,Sea,Punjab,Bangalore,3847,1,8,Clear,High,Poor
571,Air,Bangalore,Kashmir,4742,0,0,Clear,Low,Good
572,Sea,Kashmir,Chennai,2341,0,0,Rain,Moderate,Poor
573,Truck,Kerela,Pune,3275,0,0,Clear,High,Poor
574,Air,Chennai,Dehradun,3706,0,0,Clear,High,Poor
575,Sea,Agra,Punjab,3436,0,0,Bad,High,Poor
576,Air,Punjab,Dehradun,4997,0,0,Clear,Moderate,Good
577,Truck,Bangalore,Kashmir,513,1,3,Clear,Low,Good
578,Air,Delhi,Punjab,2114,0,0,Foggy,Moderate,Good
579,Air,Kashmir,Kashmir,1481,0,0,Clear,Moderate,Good
580,Air,Agra,Dehradun,1198,0,0,Foggy,High,Poor
581,Air,Punjab,Bangalore,3526,0,0,Clear,Low,Poor
582,Truck,Kerela,Kashmir,3755,0,0,Clear,Moderate,Poor
583,Train,Dehradun,Punjab,1009,0,0,Rain,High,Good
584,Air,Kashmir,Punjab,287,0,0,Rain,Moderate,Poor
585,Air,Kerela,Kashmir,4144,0,0,Foggy,Moderate,Good
586,Sea,Punjab,Kerela,3856,1,1,Clear,High,Poor
587,Air,Kashmir,Dehradun,2115,1,0,Bad,High,Poor
588,Sea,Agra,Kerela,2192,0,0,Rain,Low,Poor
589,Train,Punjab,Gurugram,3744,0,0,Bad,Moderate,Poor
590,Truck,Gurugram,Dehradun,2230,1,9,Rain,High,Poor
591,Truck,Bangalore,Kashmir,457,1,8,Rain,High,Good
592,Train,Agra,Delhi,2522,0,0,Clear,Low,Poor
593,Truck,Kashmir,Kashmir,4357,1,12,Rain,Low,Good
594,Train,Dehradun,Kerela,4645,0,0,Bad,High,Good
595,Train,Kerela,Bangalore,1597,1,5,Rain,Low,Good
596,Train,Delhi,Kashmir,2258,1,10,Foggy,High,Good
597,Truck,Kerela,Kashmir,2655,0,0,Clear,Moderate,Good
598,Sea,Kashmir,Bangalore,2442,1,0,Clear,Low,Good
599,Train,Kerela,Kashmir,3051,0,0,Foggy,Moderate,Good
600,Air,Bangalore,Chennai,1338,1,11,Foggy,Moderate,Good
601,Truck,Punjab,Delhi,1073,0,0,Foggy,Moderate,Poor
602,Train,Delhi,Pune,4827,1,11,Rain,High,Poor
603,Train,Pune,Delhi,4065,0,0,Clear,Moderate,Good
604,Air,Kashmir,Kashmir,1150,0,0,Foggy,Moderate,Good
605,Sea,Chennai,Chennai,3801,0,0,Rain,Moderate,Good
606,Sea,Pune,Dehradun,2880,1,3,Foggy,High,Poor
607,Sea,Kerela,Kashmir,1688,1,10,Bad,Moderate,Poor
608,Train,Kashmir,Kerela,3978,1,5,Bad,Moderate,Good
609,Train,Gurugram,Chennai,2468,1,9,Clear,Low,Good
610,Train,Chennai,Bangalore,536,0,0,Rain,High,Poor
611,Truck,Delhi,Chennai,2928,0,0,Bad,Moderate,Poor
612,Air,Dehradun,Bangalore,1656,0,0,Bad,Low,Good
613,Train,Gurugram,Gurugram,3958,0,0,Rain,High,Good
614,Air,Pune,Pune,1404,0,0,Foggy,High,Good
615,Air,Punjab,Agra,2484,0,0,Rain,High,Good
616,Sea,Bangalore,Chennai,282,0,0,Foggy,High,Poor
617,Truck,Dehradun,Punjab,1689,0,0,Bad,High,Poor
618,Train,Gurugram,Kerela,1687,0,0,Bad,High,Good
619,Sea,Punjab,Kashmir,759,0,0,Bad,Moderate,Good
620,Sea,Punjab,Kerela,259,1,2,Clear,Moderate,Good
621,Train,Kashmir,Delhi,4053,1,3,Clear,Moderate,Poor
622,Air,Gurugram,Agra,1111,1,1,Clear,Moderate,Good
623,Sea,Delhi,Delhi,152,0,0,Rain,Low,Good
624,Air,Kerela,Gurugram,2407,0,0,Bad,Moderate,Good
625,Truck,Chennai,Agra,1328,1,10,Bad,High,Poor
626,Air,Chennai,Agra,1135,0,0,Rain,Moderate,Good
627,Truck,Pune,Delhi,3802,0,0,Clear,Moderate,Poor
628,Air,Pune,Bangalore,4145,0,0,Rain,High,Good
629,Sea,Chennai,Delhi,4549,0,0,Clear,Moderate,Good
630,Sea,Delhi,Kerela,1364,0,0,Bad,Moderate,Good
631,Truck,Bangalore,Bangalore,1984,0,0,Foggy,Moderate,Poor
632,Train,Agra,Kerela,1909,0,0,Clear,Low,Good
633,Truck,Kerela,Gurugram,3267,0,0,Bad,Moderate,Good
634,Truck,Bangalore,Kashmir,3897,0,0,Bad,High,Poor
635,Air,Kashmir,Dehradun,2441,1,3,Foggy,High,Poor
636,Air,Agra,Bangalore,3514,0,0,Bad,Moderate,Poor
637,Truck,Agra,Gurugram,917,0,0,Bad,Moderate,Good
638,Sea,Gurugram,Punjab,2537,1,6,Clear,Moderate,Poor
639,Air,Delhi,Gurugram,988,0,0,Clear,High,Good
640,Train,Delhi,Delhi,767,0,0,Foggy,High,Poor
641,Air,Agra,Delhi,4828,0,0,Foggy,Low,Poor
642,Air,Gurugram,Dehradun,2724,0,0,Bad,Low,Poor
643,Train,Kerela,Gurugram,4332,0,0,Clear,Low,Good
644,Truck,Agra,Pune,4623,1,10,Foggy,High,Good
645,Train,Dehradun,Kashmir,918,0,0,Foggy,Low,Good
646,Truck,Pune,Delhi,2288,0,0,Rain,Moderate,Good
647,Truck,Pune,Dehradun,1206,0,0,Foggy,Moderate,Good
648,Truck,Bangalore,Kashmir,2324,0,0,Bad,High,Good
649,Train,Kashmir,Gurugram,297,0,0,Clear,Low,Good
650,Truck,Pune,Gurugram,2771,0,0,Foggy,Moderate,Good
651,Sea,Punjab,Agra,3592,0,0,Rain,High,Good
652,Train,Bangalore,Dehradun,2548,0,0,Clear,Low,Poor
653,Sea,Pune,Delhi,570,0,0,Foggy,Moderate,Poor
654,Truck,Kashmir,Pune,2048,0,0,Rain,Low,Good
655,Air,Delhi,Gurugram,3999,1,9,Foggy,High,Good
656,Truck,Delhi,Pune,2110,0,0,Clear,Low,Good
657,Sea,Kerela,Gurugram,3900,0,0,Clear,High,Good
658,Sea,Agra,Delhi,4218,0,0,Clear,Low,Poor
659,Train,Dehradun,Kashmir,3896,1,12,Bad,Moderate,Poor
660,Air,Delhi,Chennai,4088,0,0,Foggy,High,Good
661,Train,Gurugram,Kashmir,334,0,0,Bad,High,Poor
662,Sea,Pune,Gurugram,1028,1,11,Clear,High,Poor
663,Truck,Gurugram,Kerela,3707,1,7,Rain,Low,Good
664,Air,Kashmir,Chennai,622,0,0,Foggy,Low,Good
665,Truck,Delhi,Chennai,3623,0,0,Bad,Moderate,Good
666,Truck,Dehradun,Pune,4626,1,2,Foggy,High,Good
667,Air,Kashmir,Dehradun,4988,1,4,Rain,High,Poor
668,Train,Punjab,Pune,1729,1,1,Bad,Low,Good
669,Truck,Punjab,Pune,4728,0,0,Clear,Low,Poor
670,Sea,Gurugram,Kerela,1416,0,0,Bad,Moderate,Good
671,Truck,Agra,Kashmir,2957,0,0,Foggy,Moderate,Poor
672,Air,Bangalore,Kashmir,1224,1,0,Foggy,Low,Good
673,Air,Agra,Punjab,2687,0,0,Foggy,High,Good
674,Air,Kerela,Gurugram,1123,0,0,Foggy,Moderate,Poor
675,Train,Agra,Kerela,1478,1,11,Clear,Low,Poor
676,Truck,Kerela,Punjab,3474,0,0,Bad,Low,Poor
677,Train,Kerela,Delhi,1619,1,10,Clear,High,Good
678,Train,Dehradun,Gurugram,326,0,0,Clear,Low,Poor
679,Air,Delhi,Gurugram,991,0,0,Clear,Low,Poor
680,Air,Dehradun,Agra,4172,0,0,Foggy,Moderate,Poor
681,Train,Kerela,Agra,2357,1,4,Foggy,Low,Poor
682,Truck,Kashmir,Bangalore,2888,0,0,Foggy,Low,Poor
683,Sea,Punjab,Bangalore,496,0,0,Bad,Moderate,Poor
684,Train,Kerela,Pune,2178,1,12,Rain,High,Poor
685,Truck,Dehradun,Delhi,4844,0,0,Foggy,High,Poor
686,Air,Kashmir,Chennai,4524,0,0,Bad,Moderate,Poor
687,Air,Dehradun,Chennai,3337,0,0,Foggy,Moderate,Good
688,Truck,Agra,Agra,3993,0,0,Foggy,High,Good
689,Sea,Pune,Agra,2105,0,0,Clear,High,Poor
690,Air,Gurugram,Agra,2116,0,0,Clear,High,Good
691,Air,Bangalore,Kerela,3271,0,0,Clear,High,Good
692,Air,Dehradun,Dehradun,2768,0,0,Bad,High,Poor
693,Truck,Bangalore,Bangalore,1978,0,0,Rain,Moderate,Poor
694,Train,Chennai,Kerela,1296,0,0,Rain,Low,Poor
695,Air,Dehradun,Kashmir,1872,0,0,Bad,High,Poor
696,Train,Pune,Chennai,261,0,0,Foggy,High,Poor
697,Sea,Bangalore,Gurugram,4076,0,0,Bad,Low,Poor
698,Air,Kerela,Bangalore,1851,0,0,Foggy,Low,Good
699,Air,Dehradun,Punjab,875,0,0,Bad,Low,Poor
700,Sea,Delhi,Kashmir,1039,1,5,Bad,Low,Good
701,Air,Gurugram,Bangalore,3320,0,0,Bad,Low,Poor
702,Train,Pune,Kerela,639,1,9,Rain,Low,Poor
703,Truck,Bangalore,Delhi,1561,1,0,Clear,Moderate,Good
704,Train,Pune,Gurugram,455,0,0,Bad,Low,Poor
705,Truck,Kashmir,Bangalore,3704,0,0,Rain,Low,Poor
706,Truck,Gurugram,Dehradun,3423,0,0,Clear,Moderate,Good
707,Train,Kerela,Agra,334,1,10,Clear,Low,Poor
708,Train,Dehradun,Agra,1648,0,0,Bad,High,Good
709,Train,Dehradun,Gurugram,2196,0,0,Foggy,High,Poor
710,Train,Dehradun,Kerela,4313,0,0,Foggy,Low,Poor
711,Sea,Gurugram,Agra,2201,1,3,Foggy,Moderate,Good
712,Air,Delhi,Bangalore,1773,1,0,Bad,High,Poor
713,Truck,Chennai,Punjab,2200,0,0,Foggy,Moderate,Good
714,Train,Punjab,Chennai,3757,0,0,Rain,High,Good
715,Train,Agra,Chennai,4753,0,0,Rain,Low,Good
716,Train,Bangalore,Kashmir,3696,0,0,Rain,Moderate,Poor
717,Sea,Delhi,Pune,3848,1,1,Rain,Moderate,Poor
718,Train,Kerela,Delhi,3273,0,0,Clear,Moderate,Good
719,Train,Bangalore,Gurugram,1915,0,0,Rain,High,Poor
720,Train,Dehradun,Kashmir,3941,0,0,Foggy,High,Poor
721,Air,Pune,Pune,2105,1,8,Bad,High,Poor
722,Sea,Kerela,Kerela,4593,1,6,Foggy,Low,Good
723,Train,Bangalore,Dehradun,774,0,0,Rain,High,Poor
724,Truck,Dehradun,Dehradun,486,1,4,Clear,Low,Good
725,Truck,Bangalore,Delhi,2258,0,0,Rain,Moderate,Poor
726,Truck,Pune,Agra,2761,0,0,Bad,Moderate,Poor
727,Sea,Dehradun,Bangalore,2164,0,0,Foggy,Low,Good
728,Sea,Chennai,Kashmir,3951,0,0,Bad,High,Poor
729,Truck,Delhi,Kashmir,3353,0,0,Bad,Low,Good
730,Train,Kashmir,Gurugram,4736,1,2,Bad,Moderate,Poor
731,Sea,Agra,Gurugram,4366,0,0,Foggy,Moderate,Good
732,Truck,Gurugram,Dehradun,839,0,0,Rain,Low,Poor
733,Truck,Agra,Dehradun,1501,0,0,Bad,High,Poor
734,Train,Kerela,Punjab,3359,0,0,Foggy,High,Poor
735,Air,Agra,Punjab,2377,1,12,Clear,Low,Good
736,Sea,Dehradun,Agra,4004,0,0,Foggy,Low,Good
737,Train,Chennai,Punjab,4023,0,0,Clear,High,Good
738,Truck,Kashmir,Bangalore,4314,1,6,Foggy,Moderate,Poor
739,Truck,Delhi,Bangalore,3327,0,0,Rain,Low,Good
740,Train,Delhi,Kashmir,2931,0,0,Bad,High,Good
741,Sea,Pune,Chennai,3858,0,0,Rain,High,Good
742,Air,Gurugram,Bangalore,2612,0,0,Foggy,Moderate,Good
743,Air,Bangalore,Pune,2251,1,9,Bad,Moderate,Good
744,Truck,Chennai,Dehradun,3775,1,10,Clear,Moderate,Good
745,Sea,Bangalore,Gurugram,2845,0,0,Foggy,Moderate,Good
746,Air,Kashmir,Punjab,3966,1,9,Bad,Moderate,Good
747,Sea,Agra,Kashmir,3864,0,0,Clear,Low,Good
748,Sea,Delhi,Delhi,2322,0,0,Clear,High,Good
749,Truck,Kashmir,Gurugram,2892,0,0,Rain,Low,Poor
750,Air,Agra,Pune,1797,0,0,Foggy,Low,Poor
751,Train,Delhi,Punjab,3562,0,0,Clear,Low,Good
752,Truck,Agra,Pune,4163,0,0,Bad,Low,Poor
753,Air,Gurugram,Dehradun,1624,1,11,Clear,Low,Poor
754,Air,Chennai,Dehradun,4860,0,0,Clear,Moderate,Good
755,Air,Kerela,Agra,132,0,0,Rain,Moderate,Good
756,Air,Kashmir,Kashmir,4125,0,0,Rain,High,Good
757,Air,Kashmir,Gurugram,2666,0,0,Bad,Low,Poor
758,Sea,Punjab,Kerela,2903,0,0,Rain,High,Good
759,Truck,Dehradun,Kerela,3996,0,0,Clear,Moderate,Poor
760,Sea,Gurugram,Gurugram,3809,1,12,Clear,Moderate,Good
761,Train,Gurugram,Delhi,819,0,0,Rain,Moderate,Poor
762,Air,Bangalore,Kashmir,4679,0,0,Clear,Low,Poor
763,Truck,Agra,Pune,1072,0,0,Clear,Low,Good
764,Air,Dehradun,Delhi,3818,0,0,Bad,Moderate,Good
765,Truck,Chennai,Chennai,4502,0,0,Rain,High,Poor
766,Sea,Chennai,Gurugram,4652,1,9,Clear,High,Poor
767,Truck,Gurugram,Pune,2307,0,0,Rain,Moderate,Good
768,Train,Chennai,Kerela,4526,0,0,Bad,High,Good
769,Train,Punjab,Bangalore,4420,0,0,Rain,Moderate,Poor
770,Truck,Kashmir,Agra,3130,0,0,Clear,High,Good
771,Truck,Pune,Kerela,3675,0,0,Rain,Moderate,Poor
772,Truck,Kerela,Kashmir,3216,1,12,Clear,High,Good
773,Truck,Bangalore,Dehradun,3385,0,0,Clear,Low,Good
774,Train,Agra,Bangalore,743,1,6,Clear,Moderate,Good
775,Air,Kerela,Agra,4811,0,0,Bad,Moderate,Poor
776,Truck,Agra,Agra,294,1,2,Rain,High,Good
777,Truck,Delhi,Chennai,4096,0,0,Bad,Moderate,Poor
778,Train,Kerela,Chennai,588,0,0,Rain,Moderate,Good
779,Train,Pune,Punjab,2304,0,0,Bad,Moderate,Poor
780,Sea,Gurugram,Kerela,2757,1,4,Foggy,Low,Poor
781,Truck,Punjab,Kerela,3376,0,0,Clear,Low,Good
782,Sea,Kashmir,Kerela,1202,0,0,Clear,High,Poor
783,Train,Kashmir,Punjab,1341,0,0,Bad,Low,Poor
784,Train,Punjab,Delhi,615,1,5,Foggy,High,Poor
785,Air,Dehradun,Agra,492,0,0,Clear,Low,Poor
786,Truck,Delhi,Bangalore,730,1,8,Rain,High,Good
787,Sea,Agra,Kashmir,3816,0,0,Bad,Low,Good
788,Train,Pune,Agra,1947,0,0,Clear,Low,Good
789,Train,Chennai,Chennai,2755,0,0,Clear,High,Poor
790,Sea,Kerela,Pune,1079,1,4,Bad,Moderate,Poor
791,Air,Delhi,Dehradun,4629,0,0,Bad,Moderate,Good
792,Train,Kerela,Punjab,3502,1,0,Rain,Low,Good
793,Truck,Pune,Gurugram,3971,0,0,Rain,High,Poor
794,Train,Bangalore,Pune,377,0,0,Clear,Moderate,Good
795,Truck,Bangalore,Kashmir,332,0,0,Clear,High,Good
796,Sea,Delhi,Kerela,1652,0,0,Bad,Moderate,Poor
797,Truck,Gurugram,Chennai,3370,1,0,Clear,High,Good
798,Sea,Pune,Chennai,2509,1,8,Clear,Low,Poor
799,Truck,Pune,Chennai,3612,1,1,Bad,High,Good
800,Sea,Punjab,Kerela,125,1,11,Clear,Moderate,Poor
801,Truck,Gurugram,Gurugram,560,0,0,Clear,Low,Poor
802,Air,Agra,Punjab,3864,0,0,Foggy,High,Poor
803,Truck,Agra,Pune,3531,1,11,Rain,Moderate,Poor
804,Truck,Chennai,Kerela,3583,0,0,Bad,Low,Poor
805,Air,Kashmir,Kashmir,2094,1,8,Foggy,High,Good
806,Train,Bangalore,Punjab,590,1,3,Rain,Moderate,Good
807,Train,Agra,Kashmir,1172,0,0,Rain,High,Good
808,Truck,Gurugram,Punjab,3273,1,6,Rain,High,Poor
809,Air,Pune,Gurugram,315,0,0,Foggy,Low,Good
810,Truck,Agra,Dehradun,1823,0,0,Foggy,Low,Poor
811,Sea,Pune,Kashmir,1692,0,0,Rain,Moderate,Poor
812,Sea,Agra,Kerela,2706,0,0,Clear,Low,Good
813,Truck,Bangalore,Punjab,258,0,0,Clear,Moderate,Poor
814,Train,Kerela,Chennai,4881,0,0,Foggy,High,Good
815,Train,Agra,Agra,3413,1,12,Foggy,High,Poor
816,Truck,Gurugram,Chennai,2941,1,10,Foggy,Moderate,Poor
817,Truck,Agra,Delhi,1876,0,0,Rain,High,Good
818,Sea,Kashmir,Dehradun,2152,0,0,Clear,Low,Poor
819,Train,Bangalore,Dehradun,2395,1,10,Foggy,High,Good
820,Truck,Gurugram,Chennai,1796,0,0,Foggy,Low,Poor
821,Sea,Punjab,Pune,3093,0,0,Bad,Moderate,Good
822,Train,Gurugram,Gurugram,2569,0,0,Rain,Moderate,Poor
823,Air,Kashmir,Kashmir,2046,0,0,Bad,High,Good
824,Sea,Kerela,Kerela,3909,0,0,Clear,High,Good
825,Train,Bangalore,Dehradun,2883,1,10,Bad,Low,Poor
826,Train,Punjab,Chennai,3744,0,0,Bad,Low,Good
827,Sea,Kashmir,Chennai,2600,0,0,Bad,High,Poor
828,Air,Kashmir,Gurugram,3745,0,0,Rain,High,Poor
829,Sea,Delhi,Gurugram,2745,0,0,Clear,Moderate,Good
830,Train,Bangalore,Bangalore,2449,0,0,Bad,Moderate,Good
831,Truck,Gurugram,Bangalore,2032,1,3,Rain,Moderate,Good
832,Truck,Pune,Pune,3394,1,8,Clear,High,Good
833,Sea,Kerela,Pune,1857,0,0,Foggy,High,Good
834,Train,Pune,Delhi,1216,1,2,Bad,High,Poor
835,Truck,Gurugram,Pune,2667,1,9,Clear,Moderate,Good
836,Train,Gurugram,Punjab,3599,1,7,Bad,High,Poor
837,Sea,Bangalore,Gurugram,592,0,0,Foggy,Low,Good
838,Truck,Gurugram,Kerela,3406,0,0,Clear,High,Good
839,Train,Delhi,Punjab,719,0,0,Rain,High,Good
840,Truck,Punjab,Kashmir,3332,0,0,Clear,High,Poor
841,Sea,Gurugram,Chennai,3923,0,0,Rain,High,Good
842,Train,Pune,Pune,2480,0,0,Clear,High,Poor
843,Truck,Gurugram,Chennai,1646,1,8,Rain,Low,Poor
844,Sea,Delhi,Dehradun,3663,1,3,Foggy,Low,Poor
845,Truck,Agra,Delhi,1705,1,5,Foggy,High,Good
846,Truck,Agra,Dehradun,3852,0,0,Foggy,Moderate,Poor
847,Air,Kashmir,Delhi,4775,0,0,Clear,High,Good
848,Air,Kerela,Bangalore,1990,0,0,Foggy,High,Poor
849,Sea,Chennai,Chennai,1375,0,0,Bad,High,Good
850,Air,Punjab,Delhi,2843,0,0,Foggy,Moderate,Poor
851,Sea,Dehradun,Agra,2593,0,0,Rain,Moderate,Good
852,Air,Kashmir,Punjab,456,0,0,Rain,Moderate,Good
853,Truck,Kerela,Delhi,969,1,11,Rain,Low,Good
854,Sea,Agra,Delhi,985,0,0,Clear,Moderate,Poor
855,Sea,Pune,Punjab,2101,1,1,Bad,Low,Poor
856,Truck,Dehradun,Chennai,1383,0,0,Foggy,Low,Good
857,Sea,Kerela,Chennai,719,0,0,Bad,Moderate,Poor
858,Sea,Kerela,Punjab,982,0,0,Bad,Moderate,Poor
859,Air,Kashmir,Dehradun,896,0,0,Rain,Moderate,Poor
860,Sea,Dehradun,Agra,3742,0,0,Rain,Low,Poor
861,Train,Bangalore,Kerela,3525,0,0,Rain,High,Poor
862,Truck,Chennai,Kashmir,1396,0,0,Clear,Moderate,Poor
863,Air,Bangalore,Agra,4814,0,0,Bad,Moderate,Poor
864,Air,Dehradun,Chennai,344,0,0,Bad,Moderate,Good
865,Train,Bangalore,Kerela,2995,1,12,Clear,Low,Good
866,Truck,Delhi,Bangalore,1029,0,0,Clear,Low,Poor
867,Truck,Agra,Pune,619,1,7,Clear,High,Good
868,Air,Delhi,Delhi,3312,0,0,Bad,Moderate,Good
869,Sea,Gurugram,Punjab,2509,1,0,Bad,Low,Good
870,Air,Bangalore,Punjab,107,1,2,Rain,High,Poor
871,Truck,Gurugram,Delhi,2625,0,0,Rain,Moderate,Poor
872,Train,Pune,Pune,3523,0,0,Bad,Low,Poor
873,Air,Punjab,Kashmir,2119,1,5,Rain,Moderate,Poor
874,Truck,Pune,Pune,4690,0,0,Clear,Moderate,Poor
875,Air,Dehradun,Kerela,4382,0,0,Foggy,Low,Good
876,Sea,Kerela,Pune,3767,0,0,Rain,Low,Poor
877,Air,Agra,Kerela,3771,1,2,Bad,Low,Good
878,Air,Bangalore,Pune,2901,1,1,Rain,Moderate,Poor
879,Truck,Kashmir,Kashmir,185,0,0,Rain,Moderate,Good
880,Truck,Punjab,Kashmir,3215,0,0,Rain,High,Poor
881,Truck,Chennai,Chennai,4332,0,0,Foggy,Moderate,Poor
882,Air,Chennai,Delhi,2568,0,0,Clear,Low,Poor
883,Sea,Chennai,Kashmir,3719,1,11,Bad,Moderate,Poor
884,Train,Bangalore,Kerela,1736,0,0,Foggy,High,Poor
885,Train,Chennai,Kashmir,3683,0,0,Bad,High,Poor
886,Truck,Delhi,Chennai,4109,0,0,Bad,Low,Good
887,Truck,Punjab,Punjab,3426,1,11,Bad,Low,Poor
888,Air,Delhi,Kerela,2318,0,0,Foggy,High,Good
889,Train,Kerela,Chennai,2317,0,0,Clear,High,Poor
890,Truck,Punjab,Dehradun,2469,0,0,Bad,High,Good
891,Sea,Delhi,Dehradun,3738,0,0,Clear,Low,Good
892,Sea,Punjab,Bangalore,2603,0,0,Clear,High,Good
893,Truck,Kerela,Pune,1043,0,0,Rain,High,Good
894,Truck,Gurugram,Delhi,2937,0,0,Foggy,Low,Good
895,Train,Bangalore,Gurugram,2760,1,1,Foggy,Moderate,Good
896,Train,Bangalore,Agra,3036,1,2,Rain,Moderate,Poor
897,Air,Chennai,Chennai,4544,1,7,Rain,High,Good
898,Train,Pune,Punjab,4047,0,0,Clear,Moderate,Poor
899,Sea,Chennai,Agra,1776,1,12,Bad,Moderate,Poor
900,Sea,Dehradun,Punjab,1296,0,0,Foggy,Moderate,Good
901,Truck,Delhi,Agra,4205,0,0,Bad,Moderate,Good
902,Train,Punjab,Chennai,2887,0,0,Bad,High,Poor
903,Air,Pune,Gurugram,1561,0,0,Rain,Moderate,Good
904,Sea,Kerela,Agra,3418,0,0,Bad,Moderate,Good
905,Sea,Dehradun,Chennai,766,0,0,Clear,Low,Good
906,Air,Kerela,Kashmir,2276,0,0,Rain,High,Good
907,Air,Bangalore,Gurugram,3843,0,0,Bad,Low,Good
908,Sea,Bangalore,Kerela,700,0,0,Rain,Low,Good
909,Sea,Chennai,Punjab,2752,0,0,Clear,High,Good
910,Air,Delhi,Dehradun,4522,0,0,Clear,Moderate,Poor
911,Sea,Pune,Pune,3924,1,6,Bad,Low,Good
912,Truck,Agra,Dehradun,4006,1,5,Rain,High,Poor
913,Truck,Dehradun,Gurugram,1079,0,0,Bad,Moderate,Poor
914,Air,Dehradun,Kerela,2551,0,0,Bad,High,Poor
915,Train,Chennai,Punjab,728,0,0,Rain,Low,Poor
916,Air,Bangalore,Kerela,1729,1,4,Bad,Moderate,Good
917,Air,Chennai,Agra,3796,0,0,Clear,Moderate,Poor
918,Train,Punjab,Punjab,3530,0,0,Rain,High,Poor
919,Train,Pune,Agra,3774,0,0,Rain,Moderate,Poor
920,Train,Delhi,Chennai,4029,0,0,Rain,Low,Poor
921,Truck,Gurugram,Gurugram,2865,0,0,Rain,Low,Poor
922,Sea,Kashmir,Chennai,4469,1,2,Bad,Low,Good
923,Truck,Kashmir,Bangalore,4880,0,0,Bad,High,Good
924,Sea,Chennai,Kerela,215,0,0,Clear,Moderate,Poor
925,Truck,Punjab,Agra,2103,1,10,Foggy,Moderate,Good
926,Sea,Pune,Kashmir,792,1,6,Foggy,Moderate,Good
927,Truck,Agra,Chennai,3262,0,0,Clear,Low,Poor
928,Train,Kashmir,Bangalore,1205,0,0,Foggy,Moderate,Poor
929,Air,Pune,Delhi,3108,0,0,Clear,Low,Poor
930,Truck,Delhi,Dehradun,2261,1,6,Bad,Moderate,Good
931,Sea,Kerela,Punjab,253,0,0,Rain,Low,Poor
932,Train,Punjab,Bangalore,3799,1,4,Rain,Moderate,Good
933,Truck,Bangalore,Gurugram,4510,0,0,Bad,High,Good
934,Truck,Pune,Chennai,3886,0,0,Rain,High,Good
935,Train,Delhi,Gurugram,1164,0,0,Rain,Low,Poor
936,Truck,Agra,Dehradun,4300,0,0,Foggy,Low,Good
937,Air,Gurugram,Kashmir,2013,0,0,Bad,Moderate,Poor
938,Truck,Bangalore,Kerela,1316,0,0,Foggy,Moderate,Poor
939,Air,Gurugram,Kerela,2501,0,0,Foggy,High,Poor
940,Air,Agra,Gurugram,1872,1,7,Rain,Moderate,Poor
941,Train,Delhi,Agra,2060,0,0,Rain,Low,Poor
942,Truck,Kashmir,Kashmir,2880,1,7,Bad,Low,Good
943,Train,Gurugram,Kerela,4904,0,0,Rain,Low,Good
944,Truck,Bangalore,Kashmir,4846,0,0,Rain,Low,Good
945,Truck,Chennai,Bangalore,2971,0,0,Bad,Low,Good
946,Sea,Dehradun,Kashmir,760,0,0,Rain,High,Good
947,Truck,Pune,Pune,2735,1,3,Foggy,High,Poor
948,Train,Kashmir,Dehradun,2429,0,0,Bad,Low,Poor
949,Air,Gurugram,Kerela,4054,0,0,Rain,Moderate,Good
950,Truck,Kerela,Kashmir,2550,0,0,Clear,Low,Good
951,Sea,Pune,Gurugram,1232,0,0,Bad,High,Good
952,Train,Chennai,Delhi,799,0,0,Bad,Low,Poor
953,Truck,Agra,Pune,2138,1,12,Clear,High,Poor
954,Train,Dehradun,Pune,4747,1,8,Rain,High,Poor
955,Sea,Delhi,Agra,4600,0,0,Rain,Low,Good
956,Sea,Chennai,Kashmir,4657,0,0,Bad,Low,Good
957,Train,Chennai,Agra,2279,0,0,Bad,Moderate,Good
958,Truck,Agra,Agra,2938,0,0,Rain,High,Good
959,Air,Punjab,Delhi,973,0,0,Rain,Moderate,Poor
960,Sea,Agra,Bangalore,183,0,0,Foggy,Low,Good
961,Truck,Punjab,Kashmir,1522,0,0,Bad,High,Good
962,Truck,Punjab,Chennai,2775,0,0,Bad,Moderate,Good
963,Air,Kashmir,Kerela,3280,0,0,Clear,Moderate,Poor
964,Sea,Kashmir,Agra,4416,0,0,Foggy,Moderate,Poor
965,Sea,Bangalore,Dehradun,4075,0,0,Rain,Low,Good
966,Truck,Gurugram,Punjab,1491,0,0,Foggy,Low,Poor
967,Truck,Gurugram,Dehradun,3318,1,0,Rain,Low,Poor
968,Air,Delhi,Delhi,4307,0,0,Rain,High,Poor
969,Air,Gurugram,Delhi,714,0,0,Foggy,Low,Poor
970,Sea,Kashmir,Gurugram,3071,0,0,Bad,High,Poor
971,Train,Bangalore,Bangalore,3665,1,8,Rain,Moderate,Good
972,Sea,Bangalore,Kerela,3676,0,0,Foggy,Moderate,Good
973,Truck,Punjab,Agra,4670,0,0,Clear,Low,Good
974,Sea,Agra,Dehradun,370,0,0,Foggy,Moderate,Poor
975,Train,Delhi,Punjab,4166,1,5,Clear,Low,Poor
976,Air,Punjab,Delhi,2568,1,10,Rain,High,Poor
977,Train,Agra,Delhi,1490,0,0,Foggy,Moderate,Poor
978,Train,Gurugram,Bangalore,3454,1,12,Foggy,Low,Good
979,Train,Punjab,Punjab,4235,1,5,Clear,Moderate,Good
980,Air,Pune,Punjab,3707,1,5,Foggy,Moderate,Good
981,Train,Gurugram,Bangalore,2683,0,0,Foggy,Low,Good
982,Train,Agra,Delhi,4173,0,0,Rain,Moderate,Good
983,Train,Delhi,Kerela,3175,0,0,Foggy,Moderate,Good
984,Truck,Agra,Kashmir,4006,1,7,Bad,Moderate,Poor
985,Train,Punjab,Kashmir,389,0,0,Clear,Moderate,Poor
986,Air,Punjab,Bangalore,2580,0,0,Foggy,High,Good
987,Train,Chennai,Punjab,3352,0,0,Clear,Moderate,Poor
988,Train,Delhi,Agra,378,1,2,Clear,Moderate,Good
989,Air,Kerela,Bangalore,3024,1,0,Clear,Low,Good
990,Train,Gurugram,Kerela,680,0,0,Foggy,High,Poor
991,Air,Bangalore,Bangalore,353,1,2,Foggy,Low,Good
992,Train,Delhi,Pune,4376,0,0,Clear,Low,Good
993,Air,Bangalore,Dehradun,4876,1,0,Bad,Low,Good
994,Train,Delhi,Punjab,924,0,0,Clear,High,Poor
995,Train,Delhi,Gurugram,3932,0,0,Bad,Low,Poor
996,Truck,Agra,Gurugram,799,1,7,Clear,Low,Poor
997,Truck,Delhi,Punjab,1480,0,0,Rain,Low,Poor
998,Train,Chennai,Kerela,3996,1,2,Clear,Moderate,Good
999,Train,Kerela,Pune,1773,0,0,Clear,Low,Poor
1000,Sea,Punjab,Pune,2827,0,0,Foggy,High,Poor
